,CPD_MP,CODIGO_MP,DESCRICAO_MP,SUBGRUPO,ESTOQUE,ESTOQUE_LP,ESTOQUE_CORTE,PERC_ESTOQUE_LP,PERC_ESTOQUE_CORTE,HORIZONTE_PROGRAMACAO,ESTOQUE_LP_CONSIDERADO,ESTOQUE_CORTE_CONSIDERADO,SALDO_INICIAL
0,800.0,AN2052,"TERMINAL OLHAL 2,70-6,60 MM2 M8",TERMINAIS OLHAIS E TUBULARES GRANEL,98.0,81.0,0.0,65.0,85.0,4.0,52.65,0.0,150.65
1,819.0,AN2037-C,"TER OLHAL M8 (1,30-2,60MM²)",TERMINAIS OLHAIS E TUBULARES GRANEL,0.0,195.0,0.0,65.0,85.0,4.0,126.75,0.0,126.75
2,907.0,881111-1 (BUFFER),"350536-1 TER FEMEA SOQ MATE-N-LOCK UNIV. LT SN (0,5-2,08MM²) TIN-PLATED(X08.038.181)",TERMINAIS HILOCK,70000.0,109790.03299999992,0.0,65.0,50.0,4.0,71363.52144999996,0.0,141363.52144999994
3,908.0,881109-1 (BUFFER),"350687-1 - TER. MACHO PINO MATE-N-LOCK UNIV. LT SN (0,5-2,08MM²) (X08.038.180)",TERMINAIS AGRÍCOLAS/AUTOMOTIVOS,75000.0,76521.00999999998,0.0,60.0,85.0,4.0,45912.605999999985,0.0,120912.60599999999
4,1062.0,LW-6350F1202 (1-480708-0) (BUFFER),CONECTOR 12V MACHO (X08.038.178),CONECTORES HILOCK'S,14380.0,4758.0,0.0,80.0,50.0,4.0,3806.4,0.0,18186.4
5,1065.0,LW-6350F0902 (1-480706-0) (BUFFER),CONECTOR 9V MACHO (X08.038.291),CONECTORES HILOCK'S,6868.0,291.0,0.0,80.0,85.0,4.0,232.8,0.0,7100.8
6,1718.0,AN2051,"TER.OLHAL M6 (2,70-6,60MM²) S/ ISOL",TERMINAIS OLHAIS E TUBULARES GRANEL,42.0,44.0,0.0,65.0,85.0,4.0,28.6,0.0,70.6
7,1916.0,180907-0,"CONECTOR RECEP 2V 6,3 TIPO T NATURAL",TERMINAIS E CAPAS FASTON E FASTIN,2000.0,885.0,0.0,80.0,85.0,15.0,708.0,0.0,2708.0
8,2647.0,LW-4203TF22R,TERMINAL MINIFIT FEMEA (X08.038.600) 18AWG - 24AWG,TERMINAIS AGRÍCOLAS/AUTOMOTIVOS,55000.0,27619.5,0.0,80.0,85.0,5.0,22095.600000000002,0.0,77095.6
9,2704.0,444335-2,"TER RECEP 6.3X0,8MM FAST-ON S/ TRAVA (1 ,00-2,5MM²)",TERMINAIS AGRÍCOLAS/AUTOMOTIVOS,20000.0,32745.999999999993,0.0,55.0,85.0,6.0,18010.299999999996,0.0,38010.299999999996
10,2996.0,FITA ISOLANTE (PRETO),"FITA PVC ISOLANTE 85ºC - 0,10MM X 19,00MM X 20M PRETO (VALOR POR METRO)",USO CONSUMO,21699.16,62189.91500000021,0.0,5.0,50.0,4.0,3109.495750000011,0.0,24808.655750000013
11,3111.0,1-735075-0,"ISOLADOR FASTON 6,3X0,8 BR",CONECTORES FASTON,104688.0,21649.0,0.0,70.0,85.0,14.0,15154.3,0.0,119842.3
12,5741.0,350701009001004,"C.FLEX 0,50MM2 300V -40ºC A 105ºC (DIN 72551) BR",CABOS SINGELOS,16000.0,11795.477000000017,3121.6500000000583,45.0,85.0,4.0,5307.964650000008,2653.4025000000493,23961.367150000056
13,5745.0,350701009002004,"C.FLEX 0,50MM2 300V -40ºC A 105ºC (DIN 72551) AM",CABOS SINGELOS,8000.0,9186.702000000105,2603.72800000007,45.0,85.0,4.0,4134.015900000048,2213.1688000000595,14347.184700000107
14,5746.0,350701009003004,"C.FLEX 0,50MM2 300V -40ºC A 105ºC (DIN 72551) AZ",CABOS SINGELOS,19000.0,20532.545999998427,4708.637999999768,45.0,85.0,4.0,9239.645699999292,4002.342299999803,32241.987999999095
15,5749.0,350701009009004,"C.FLEX 0,50MM2  300V -40ºC A 105ºC (DIN 72551) VM",CABOS SINGELOS,12000.0,9530.924000000303,2651.274000000019,45.0,85.0,4.0,4288.915800000136,2253.5829000000163,18542.498700000153
16,5750.0,350701009010004,"C.FLEX 0,50MM2  300V -40ºC A 105ºC (DIN 72551) PT",CABOS SINGELOS,7000.0,8440.899000000254,4276.089999999797,45.0,85.0,4.0,3798.4045500001143,3634.6764999998277,14433.081049999942
17,5751.0,350701009012004,"C.FLEX 0,50MM2  300V -40ºC A 105ºC (DIN 72551) MR",CABOS SINGELOS,8000.0,10057.772000000117,2735.9850000000724,45.0,85.0,4.0,4525.997400000053,2325.5872500000614,14851.584650000113
18,5752.0,350701009014004,"C.FLEX 0,50MM2 300V -40ºC A 105ºC (DIN 72551) CZ",CABOS SINGELOS,8000.0,1384.8709999999808,1922.9809999999416,45.0,85.0,4.0,623.1919499999914,1634.5338499999502,10257.725799999942
19,5753.0,350701009019004,"C.FLEX 0,50MM2  300V -40ºC A 105ºC (DIN 72551) LJ",CABOS SINGELOS,6000.0,11820.153000000228,2910.6229999999596,45.0,85.0,4.0,5319.068850000102,2474.0295499999656,13793.098400000068
20,5754.0,350701009016004,"C.FLEX 0,50MM2  300V -40ºC A 105ºC (DIN 72551) VIOLETA",CABOS SINGELOS,8000.0,4997.15599999997,978.3740000000122,45.0,85.0,4.0,2248.7201999999866,831.6179000000103,11080.338099999997
21,6365.0,880645-6,"TERMINAL FEMEA POSITIVE LOCK 6.35 X 0.81 MM PARA CABO 1,00-2,50MM²",TERMINAIS AGRÍCOLAS/AUTOMOTIVOS,1300.0,1133.0,0.0,75.0,85.0,10.0,849.75,0.0,2149.75
22,7307.0,"COND C.F 2,50 105ºC PT 300V",CABO AUTO ER -40+105ºC DIN72551-6 300V COBRE,"CABOS SINGELOS (2,5MM2 A 95MM2)",4800.0,4815.426000000045,1263.0779999999709,45.0,85.0,4.0,2166.9417000000203,1073.6162999999751,8040.557999999995
23,7308.0,"COND C.F 2,50 105ºC VM 300V",CABO AUTO ER -40+105ºC DIN72551-6 300V COBRE,"CABOS SINGELOS (2,5MM2 A 95MM2)",4000.0,3736.9039999999827,862.8290000000234,45.0,85.0,4.0,1681.6067999999923,733.4046500000198,6415.011450000012
24,7323.0,"COND C.F 1,0 AM 300V",CABO AUTO ER -40+105ºC DIN72551-6 300V COBRE,CABOS SINGELOS,800.0,324.644,8.598000000004099,45.0,85.0,4.0,146.0898,7.3083000000034835,953.3981000000034
25,7324.0,"COND C.F 1,0 VM 300V",CABO AUTO ER -40+105ºC DIN72551-6 300V COBRE,CABOS SINGELOS,0.0,1392.5859999999952,2830.179000000002,45.0,85.0,4.0,626.6636999999979,2405.6521500000017,3032.3158499999995
26,7325.0,"COND C.F 1,0 VL 300V",CABO AUTO ER -40+105ºC DIN72551-6 300V COBRE,CABOS SINGELOS,0.0,968.3339999999948,1010.4030000000107,45.0,85.0,4.0,435.7502999999977,858.842550000009,1294.5928500000068
27,7486.0,"COND C.F 1,0 BR 300V",CABO AUTO ER -40+105ºC DIN72551-6 300V COBRE,CABOS SINGELOS,1600.0,2213.0939999999987,696.5780000000017,45.0,85.0,4.0,995.8922999999994,592.0913000000014,3187.983600000001
28,7559.0,"COND C.F 1,0 PT 300V",CABO AUTO ER -40+105ºC DIN72551-6 300V COBRE,CABOS SINGELOS,3760.0,2588.213999999948,1224.755000000025,45.0,85.0,4.0,1164.6962999999766,1041.0417500000212,5965.738049999998
29,7754.0,"COND C.F 1,5 PT 105 300V",CABO AUTO ER -40+105ºC DIN72551-6 300V COBRE,CABOS SINGELOS,0.0,3711.2229999999554,1218.910999999997,45.0,85.0,4.0,1670.05034999998,1036.0743499999976,2706.1246999999776
30,7755.0,"COND C.F 1,5 VM 105 300V",CABO AUTO ER -40+105ºC DIN72551-6 300V COBRE,CABOS SINGELOS,1000.0,1864.2039999999763,2838.447999999946,45.0,85.0,4.0,838.8917999999893,2412.680799999954,4251.572599999943
31,7862.0,LW-4200F1402,CONECTOR MINIFIT 14V PARA TERMINAL FEMEA (PLÁSTICO TRANSPARENTE),CONECTORES MINI-FITS,798.0,757.0,0.0,90.0,85.0,6.0,681.3000000000001,0.0,1479.3000000000002
32,9666.0,042241079902,"ETQ BR B9207 65,0 X 25,0 REF(1252) (MODELO 6)",ETIQUETAS E RIBBONS INTERNAS,15000.0,27713.0,0.0,100.0,50.0,8.0,27713.0,0.0,42713.0
33,9983.0,"COND C.F 1,0 AZ 300V",CABO AUTO ER -40+105ºC DIN72551-6 300V COBRE,CABOS SINGELOS,1200.0,478.44099999999935,680.9760000000016,45.0,85.0,4.0,215.29844999999972,578.8296000000014,1994.1280500000012
34,9986.0,"COND C.F 1,0 CZ 300V",CABO AUTO ER -40+105ºC DIN72551-6 300V COBRE,CABOS SINGELOS,1500.0,1343.0450000000405,1157.3549999999939,45.0,85.0,4.0,604.3702500000182,983.7517499999948,3088.122000000013
35,9988.0,"COND C.F 1,0 VD 300V",CABO AUTO ER -40+105ºC DIN72551-6 300V COBRE,CABOS SINGELOS,0.0,970.651999999997,1124.9010000000044,45.0,80.0,4.0,436.79339999999866,899.9208000000035,1336.7142000000022
36,9989.0,"COND C.F 1,0 LJ 300V",CABO AUTO ER -40+105ºC DIN72551-6 300V COBRE,CABOS SINGELOS,1500.0,1629.9479999999985,1494.2640000000054,45.0,85.0,4.0,733.4765999999994,1270.1244000000045,3503.601000000004
37,12452.0,6326,PORCA SEXTAVADA M6,USO CONSUMO,2423.0,654.0,0.0,75.0,85.0,4.0,490.5,0.0,2913.5
38,12454.0,ARRUELA DE PRESSÃO P/M6,ARRUELA DE PRESSAO P/M6,"PARAFUSOS, PORCAS E ARRUELAS",3166.0,372.0,0.0,60.0,85.0,4.0,223.2,0.0,3389.2
39,16692.0,1062-20-0122,"TER SOQ DEUSTCH SIZE 20 NICKEL (0,33-1,31MM²)",TERMINAIS AGRÍCOLAS/AUTOMOTIVOS,0.0,11457.0,0.0,70.0,50.0,14.0,8019.9,0.0,8019.9
40,16698.0,DTM06-12SB,CONECTOR SOQ 12V SIZE 20 DTM PR,AGRÍCOLA/AUTOMOTIVO,27.0,169.0,0.0,95.0,85.0,14.0,160.54999999999998,0.0,187.54999999999998
41,16699.0,DTM06-12SA,CONECTOR SOQ 12V SIZE 20 DTM CZ,AGRÍCOLA/AUTOMOTIVO,118.0,207.0,0.0,95.0,50.0,14.0,196.64999999999998,0.0,314.65
42,17226.0,1060-12-0166,"TER PINO DEUSTCH SIZE 12 NICKEL (2,08-3,31MM²)",TERMINAIS AGRÍCOLAS/AUTOMOTIVOS,2500.0,2498.0,0.0,65.0,50.0,14.0,1623.7,0.0,4123.7
43,17232.0,114017-ZZ (2310345-1),SELO TAMPÃO DEUSTCH BR SIZE 12-16 (PN TE LOCAL: 2310345-1),SELOS,3348.0,2401.0,0.0,70.0,50.0,14.0,1680.6999999999998,0.0,5028.7
44,17233.0,0413-204-2005 (2310362-1),SELO TAMPÃO DEUSTCH VM SIZE 20 (PN TE LOCAL: 2310362-1),SELOS,0.0,12657.0,0.0,95.0,50.0,14.0,12024.15,0.0,12024.15
45,19496.0,282110-1,"TER SOQ FEMEA SUPERSEAL LT SN (0,75-1,5MM²)",TERMINAIS AGRÍCOLAS/AUTOMOTIVOS,16000.0,10348.0,0.0,75.0,50.0,16.0,7761.0,0.0,23761.0
46,19498.0,LW-66502VA143,"SELO SUPERSEAL 1,1MM AM",SELOS,7000.0,25568.0,0.0,70.0,50.0,5.0,17897.6,0.0,24897.6
47,20528.0,ESPAGUETE 20MM2 105ºC,ESPAGUETE PVC ANTI-CHAMA 105° 20MM2 - UL94-V2 - 551020,ESPAGUETES PVC,50.0,171.03999999999994,31.50000000000025,85.0,85.0,6.0,145.38399999999993,26.77500000000021,222.15900000000013
48,20588.0,"COND C.F 25,0 PT 750V 105ºC",CABO FLEXÍVEL 105ºC 750V NBR 9117,CABOS NBR 9117,0.0,21.66200000000007,25.675000000000104,95.0,85.0,4.0,20.578900000000065,21.82375000000009,42.40265000000015
49,20802.0,ESPAGUETE 06MM2 105ºC,ESPAGUETE PVC ANTI-CHAMA 105° 06MM2 - UL94-V2,ESPAGUETES PVC,0.0,130.90000000000018,33.39999999999997,65.0,85.0,6.0,85.08500000000012,28.389999999999972,113.4750000000001
50,21831.0,AT7228,TERMINAL OLHAL TUBULAR CABO 25MM M6,TERMINAIS OLHAIS E TUBULARES GRANEL,79.0,181.0,0.0,65.0,85.0,4.0,117.65,0.0,196.65
51,29958.0,927837-2,"TERMINAL STANDARD POWER TIMER 1-2,5MM2 (NÃO SELADO)",TERMINAIS AGRÍCOLAS/AUTOMOTIVOS,1000.0,3201.0,0.0,75.0,85.0,8.0,2400.75,0.0,3400.75
52,36482.0,12010300,SELO TAMPÃO WEATHER PACK 280 VD,SELOS,5463.0,301.0,0.0,70.0,85.0,16.0,210.7,0.0,5673.7
53,36484.0,12010973 (9707 C),CONECTOR PINO 2V WEATHER PACK 280 PR,AGRÍCOLA/AUTOMOTIVO,107.0,149.0,0.0,90.0,85.0,6.0,134.1,0.0,241.1
54,36485.0,12015024,CONECTOR PINO 4V WEATHER PACK PR,AGRÍCOLA/AUTOMOTIVO,660.0,106.0,0.0,65.0,85.0,12.0,68.9,0.0,728.9
55,36487.0,12015792 (7707 C),CONECTOR SOQ 2V WEATHER PACK 280 PR,AGRÍCOLA/AUTOMOTIVO,1473.0,1131.0,0.0,85.0,85.0,22.0,961.35,0.0,2434.35
56,36490.0,12015798,CONECTOR SOQ 4V WEATHER PACK 280 PR,AGRÍCOLA/AUTOMOTIVO,100.0,120.0,0.0,90.0,85.0,10.0,108.0,0.0,208.0
57,36498.0,12020926,CONECTOR SOQ 6V WEATHER PACK PR,AGRÍCOLA/AUTOMOTIVO,272.0,65.0,0.0,95.0,85.0,16.0,61.75,0.0,333.75
58,36519.0,12047948,LOCK SECONDARY TPA M/P 4 BLK,AGRÍCOLA/AUTOMOTIVO,20.0,3.0,0.0,80.0,85.0,16.0,2.4000000000000004,0.0,22.4
59,36520.0,12048074,"TER SOQ METRIPACK 150 LT SN (0,5-1,00MM)",TERMINAIS AGRÍCOLAS/AUTOMOTIVOS,0.0,2771.0,0.0,50.0,85.0,,1385.5,0.0,1385.5
60,36525.0,12052634,TRAVA SECUNDÁRIA 2V METRI-PACK  AZ (SUBSTITUTO DO PN 12077756),AGRÍCOLA/AUTOMOTIVO,0.0,252.0,0.0,65.0,85.0,6.0,163.8,0.0,163.8
61,36526.0,12052641,CONECTOR SOQ 2V METRI-PACK 150 PR,AGRÍCOLA/AUTOMOTIVO,38.0,139.0,0.0,95.0,85.0,18.0,132.04999999999998,0.0,170.04999999999998
62,36537.0,12059168,SELO TAMPÃO METRI PACK 150 VM,SELOS,268.0,129.0,0.0,50.0,85.0,16.0,64.5,0.0,332.5
63,36550.0,1062-16-0622 (2310364-1),"TER SOQ DEUSTCH SIZE 16 NICKEL (0,52-1,31MM²) - (PN TE LOCAL: 2310364-1)",TERMINAIS AGRÍCOLAS/AUTOMOTIVOS,8000.0,15204.0,0.0,75.0,50.0,14.0,11403.0,0.0,19403.0
64,36554.0,1062-16-1222,"TER SOQ DEUSTCH SIZE 16 NICKEL (1,31-3,31MM²)",TERMINAIS AGRÍCOLAS/AUTOMOTIVOS,4000.0,11808.0,0.0,65.0,50.0,14.0,7675.2,0.0,11675.2
65,36557.0,12077412,"TER SOQ METRI-PACK 280 LT SN 1,00-2,00MM²",TERMINAIS AGRÍCOLAS/AUTOMOTIVOS,2260.0,15.0,0.0,65.0,85.0,6.0,9.75,0.0,2269.75
66,36579.0,12089188,"TER SOQ WEATHER PACK 280 LT SN (0,5-0,8MM²)",TERMINAIS AGRÍCOLAS/AUTOMOTIVOS,0.0,2729.0,0.0,75.0,85.0,16.0,2046.75,0.0,2046.75
67,36634.0,12124580,"TER SOQ WEATHER PACK 280 LT SN (1,00-2,00MM²)",TERMINAIS AGRÍCOLAS/AUTOMOTIVOS,6600.0,10066.0,0.0,70.0,50.0,16.0,7046.2,0.0,13646.2
68,36635.0,12124582,"TER PINO WEATHER PACK 280 LT SN (1,00-2,00MM²)",TERMINAIS AGRÍCOLAS/AUTOMOTIVOS,2200.0,2047.0,0.0,65.0,85.0,14.0,1330.55,0.0,3530.55
69,36716.0,15324982,"SELO VEDAÇÃO WEATHER PACK 280 VD (2,50-3,00MM²)",SELOS,10482.0,7776.0,0.0,65.0,50.0,17.0,5054.400000000001,0.0,15536.400000000001
70,36722.0,15324985,"SELO VEDAÇÃO WEATHER PACK 280 VL (SUBSTITUTO PN 12089679) (0,50-1,5)",SELOS,34708.0,8421.0,0.0,65.0,85.0,16.0,5473.650000000001,0.0,40181.65
71,36734.0,15337281,"TERM SOQ METRI-PACK 150 LT SN (1,00-1,50MM²)",TERMINAIS AGRÍCOLAS/AUTOMOTIVOS,0.0,2195.0,0.0,75.0,85.0,16.0,1646.25,0.0,1646.25
72,36760.0,0413-217-1605,SELO DE CAVIDADE BRANCO DEUTSCH TAMANHO 16 - MATERIAL PLASTICO,SELOS,0.0,4545.0,0.0,75.0,50.0,14.0,3408.75,0.0,3408.75
73,36770.0,DTP04-4P-L012,CONECTOR PINO 4V SIZE 12 DTP FLANGEADO CZ,AGRÍCOLA/AUTOMOTIVO,15.0,61.0,0.0,95.0,85.0,12.0,57.949999999999996,0.0,72.94999999999999
74,36773.0,DTP06-4S,CONECTOR SOQ 4V SIZE 12 DTP CZ,AGRÍCOLA/AUTOMOTIVO,0.0,45.0,0.0,95.0,50.0,14.0,42.75,0.0,42.75
75,36774.0,1060-12-0222,"TER PINO DEUSTCH SIZE 12 NICKEL (5,26MM²)",TERMINAIS AGRÍCOLAS/AUTOMOTIVOS,0.0,2257.0,0.0,65.0,85.0,14.0,1467.05,0.0,1467.05
76,36786.0,1060-16-0622,"TER PINO DEUSTCH SIZE 16 NICKEL (0,52-1,31MM²)",TERMINAIS AGRÍCOLAS/AUTOMOTIVOS,8000.0,17581.0,0.0,65.0,50.0,14.0,11427.65,0.0,19427.65
77,36788.0,1060-16-1222,"TER PINO DEUSTCH SIZE 16 NICKEL (1,31-3,31MM²)",TERMINAIS AGRÍCOLAS/AUTOMOTIVOS,3200.0,7633.0,0.0,65.0,85.0,14.0,4961.45,0.0,8161.45
78,36790.0,1062-12-0222,"TER SOQ DEUSTCH SIZE 12 NICKEL (5,26MM²)",TERMINAIS AGRÍCOLAS/AUTOMOTIVOS,0.0,3076.0,0.0,65.0,85.0,10.0,1999.4,0.0,1999.4
79,36809.0,W12S-P012,TRAVA SECUNDÁRIA 12V VERDE,AGRÍCOLA/AUTOMOTIVO,6076.0,1045.0,0.0,95.0,50.0,14.0,992.75,0.0,7068.75
80,36812.0,W2S-P012,TRAVA SECUNDÁRIA 2V VERDE,AGRÍCOLA/AUTOMOTIVO,0.0,1654.0,0.0,90.0,50.0,14.0,1488.6000000000001,0.0,1488.6000000000001
81,36814.0,W4S-P012,TRAVA SECUNDÁRIA 4V VERDE,AGRÍCOLA/AUTOMOTIVO,0.0,324.0,0.0,95.0,50.0,14.0,307.8,0.0,307.8
82,36816.0,W6S-P012,TRAVA SECUNDÁRIA 6V VERDE,AGRÍCOLA/AUTOMOTIVO,0.0,429.0,0.0,95.0,50.0,14.0,407.54999999999995,0.0,407.54999999999995
83,36817.0,W8P,TRAVA SECUNDÁRIA DEUSTCH VD - P/ CONECTOR DT 8V PINO,AGRÍCOLA/AUTOMOTIVO,0.0,289.0,0.0,75.0,50.0,10.0,216.75,0.0,216.75
84,36821.0,W12P,TRAVA SECUNDÁRIA DEUSTCH VD - P/ CONECTOR DT 12V PINO,AGRÍCOLA/AUTOMOTIVO,92.0,655.0,0.0,75.0,50.0,14.0,491.25,0.0,583.25
85,36822.0,WP-4S,TRAVA SECUNDÁRIA DEUSTCH LR - P/ CONECTOR DTM 4V SOQ,AGRÍCOLA/AUTOMOTIVO,0.0,173.0,0.0,75.0,85.0,12.0,129.75,0.0,129.75
86,36860.0,927770-3,"TER. SOQ JR POWER TIMER LT SN (0,5-1,0MM²) SELADO",TERMINAIS AGRÍCOLAS/AUTOMOTIVOS,7500.0,1628.0,0.0,75.0,85.0,12.0,1221.0,0.0,8721.0
87,36967.0,828905-1,"SELO VEDAÇÃO JR POWER TIMER BR (1,50-2,50MM²)",SELOS,0.0,28.0,0.0,65.0,85.0,16.0,18.2,0.0,18.2
88,36982.0,"COND C.F 4,00 PT 300V",CABO AUTO ER -40+105ºC DIN72551-6 300V COBRE,"CABOS SINGELOS (2,5MM2 A 95MM2)",200.0,637.6599999999991,1.0140000000011682,45.0,85.0,4.0,286.9469999999996,0.861900000000993,487.8089000000006
89,36983.0,"COND C.F 4,00 VM 300V",CABO AUTO ER -40+105ºC DIN72551-6 300V COBRE,"CABOS SINGELOS (2,5MM2 A 95MM2)",400.0,217.50300000000007,347.51100000000076,45.0,85.0,4.0,97.87635000000003,295.38435000000067,793.2607000000007
90,36984.0,"COND C.F 6,00 PT 300V",CABO AUTO ER -40+105ºC DIN72551-6 300V COBRE,"CABOS SINGELOS (2,5MM2 A 95MM2)",300.0,586.6249999999957,144.84999999999954,45.0,85.0,4.0,263.98124999999806,123.1224999999996,687.1037499999976
91,36985.0,"COND C.F 6,00 VM 300V",CABO AUTO ER -40+105ºC DIN72551-6 300V COBRE,"CABOS SINGELOS (2,5MM2 A 95MM2)",300.0,719.9480000000045,314.22499999999576,45.0,85.0,4.0,323.97660000000207,267.09124999999636,891.0678499999983
92,36998.0,"COND C.F 1,5 LJ 105 300V",CABO AUTO ER -40+105ºC DIN72551-6 300V COBRE,CABOS SINGELOS,2000.0,3155.054000000066,1572.7959999999782,45.0,85.0,4.0,1419.7743000000298,1336.8765999999814,4756.6509000000115
93,37000.0,"COND C.F 2,50 AZ 105ºC 300V",CABO AUTO ER -40+105ºC DIN72551-6 300V COBRE,"CABOS SINGELOS (2,5MM2 A 95MM2)",0.0,297.606,815.5900000000005,45.0,85.0,4.0,133.9227,693.2515000000004,827.1742000000004
94,37011.0,"COND C.F 2,50 105ºC MR 300V",CABO AUTO ER -40+105ºC DIN72551-6 300V COBRE,"CABOS SINGELOS (2,5MM2 A 95MM2)",800.0,262.08399999999864,235.9929999999997,45.0,85.0,4.0,117.93779999999938,200.59404999999975,1118.5318499999992
95,37012.0,"COND C.F 2,50 105ºC LJ 300V",CABO AUTO ER -40+105ºC DIN72551-6 300V COBRE,"CABOS SINGELOS (2,5MM2 A 95MM2)",0.0,507.7659999999986,227.31500000000253,45.0,85.0,4.0,228.49469999999937,193.21775000000216,421.7124500000015
96,37013.0,"COND C.F 2,50 105ºC VL 300V",CABO AUTO ER -40+105ºC DIN72551-6 300V COBRE,"CABOS SINGELOS (2,5MM2 A 95MM2)",1600.0,2051.450000000002,884.0659999999998,45.0,85.0,4.0,923.1525000000009,751.4560999999998,3274.608600000001
97,37014.0,HDP26-24-31SE,CONECTOR SOQ CIRCULAR 31V SIZE 16 HDP20 PR,AGRÍCOLA/AUTOMOTIVO,121.0,34.0,0.0,98.0,85.0,10.0,33.32,0.0,154.32
98,37045.0,12124587,"TER PINO WEATHER PACK 280 LT SN (2,50-3,00MM²)",TERMINAIS AGRÍCOLAS/AUTOMOTIVOS,4000.0,4689.0,0.0,65.0,85.0,16.0,3047.85,0.0,7047.85
99,37055.0,"COND C.F 1,5 CZ 105 300V",CABO AUTO ER -40+105ºC DIN72551-6 300V COBRE,CABOS SINGELOS,27000.0,24623.45700000031,2233.3629999999816,45.0,90.0,4.0,11080.55565000014,2010.0266999999835,40090.58235000012
100,37147.0,"COND C.F 10,00 PT 300V",CABO AUTO ER -40+105ºC DIN72551-6 300V COBRE,"CABOS SINGELOS (2,5MM2 A 95MM2)",300.0,166.1689999999994,24.19599999999992,45.0,85.0,4.0,74.77604999999973,20.56659999999993,395.34264999999965
101,37151.0,"COND C.F 10,00 VM 300V",CABO AUTO ER -40+105ºC DIN72551-6 300V COBRE,"CABOS SINGELOS (2,5MM2 A 95MM2)",0.0,435.1090000000009,66.62899999999965,45.0,85.0,4.0,195.7990500000004,56.6346499999997,252.4337000000001
102,37156.0,"COND C.F 1,5 AM 105 300V",CABO AUTO ER -40+105ºC DIN72551-6 300V COBRE,CABOS SINGELOS,6000.0,3175.3920000000144,399.83499999999754,45.0,85.0,4.0,1428.9264000000064,339.8597499999979,7768.786150000004
103,37168.0,"COND C.F 1,5 VL 105 300V",CABO AUTO ER -40+105ºC DIN72551-6 300V COBRE,CABOS SINGELOS,1000.0,1378.653000000001,2107.7420000000093,45.0,85.0,4.0,620.3938500000004,1791.580700000008,3411.974550000008
104,37169.0,"COND C.F 2,50 VD 105ºC 300V",CABO AUTO ER -40+105ºC DIN72551-6 300V COBRE,"CABOS SINGELOS (2,5MM2 A 95MM2)",0.0,520.6639999999993,806.1260000000018,45.0,85.0,4.0,234.2987999999997,685.2071000000016,919.5059000000012
105,37171.0,"COND C.F 4,00 MR 300V",CABO AUTO ER -40+105ºC DIN72551-6 300V COBRE,"CABOS SINGELOS (2,5MM2 A 95MM2)",400.0,576.7840000000002,1055.2229999999959,45.0,85.0,4.0,259.5528000000001,896.9395499999964,1556.4923499999966
106,37252.0,"WA3/16PR 4,5MM","TERMO RETRATIL ADESIVADO Ø 4,5MM (3/16 POL.)",TERMOS RETRATEIS ADESIVADOS,100.0,9.04999999999981,61.690000000000005,5.0,75.0,4.0,0.4524999999999906,46.267500000000005,146.72
107,37259.0,"WA1/4PR 6,4MM","TERMO RETRATIL ADESIVADO Ø 6,4MM (1/4 POL.) EM ROLO",TERMOS RETRATEIS ADESIVADOS,600.0,28.450000000000117,1.229999999999995,5.0,65.0,4.0,1.4225000000000059,0.7994999999999969,602.222
108,37261.0,"WA3/8PR 9,5MM","TERMO RETRATIL ADESIVADO Ø 9,5MM (3/8 POL.) EM ROLO",TERMOS RETRATEIS ADESIVADOS,100.0,29.719999999999914,391.44999999999993,5.0,85.0,4.0,1.4859999999999958,332.73249999999996,434.21849999999995
109,37262.0,"WA1/2PR 12,7MM","TERMO RETRATIL ADESIVADO Ø 12,7MM (1/2 POL.) EM ROLO",TERMOS RETRATEIS ADESIVADOS,599.9999999999999,37.36000000000004,2.534999999999989,5.0,85.0,4.0,1.868000000000002,2.1547499999999906,604.02275
110,37268.0,WA1-1/2PR 36MM,TERMO RETRATIL ADESIVADO Ø 36MM (1½ POL.) EM ROLO,TERMOS RETRATEIS ADESIVADOS,25.0,2.870000000000096,17.729999999999993,5.0,75.0,4.0,0.14350000000000482,13.297499999999996,38.441
111,37823.0,282089-1,CONECTOR SOQ 5V SUPERSEAL PR,CONECTORES SELADOS,513.0,328.0,0.0,90.0,50.0,16.0,295.2,0.0,808.2
112,37896.0,20391 - PORCA SEXTAVADA M4,"PORCA SEXTAVADA M4 ZINCADO BRANCO 5,8 MA ZB4 (N.0004.X1)",USO CONSUMO,1820.0,540.0,0.0,85.0,85.0,4.0,459.0,0.0,2279.0
113,38355.0,172888-2,"SELO VEDAÇÃO ECONOSEAL (0,5-1,25MM²) CZ",SELOS,158.0,2621.0,0.0,65.0,85.0,16.0,1703.65,0.0,1861.65
114,38359.0,735222-2,"TER RECEP 6.3X0,8MM FAST-ON LT SN C/TRAVA (1 ,00-2,5MM²)",TERMINAIS AGRÍCOLAS/AUTOMOTIVOS,10000.0,18347.0,0.0,70.0,85.0,8.0,12842.9,0.0,22842.9
115,38361.0,626213-1,"CONECTOR RECEP  3V 7,9 BR (LAMPADA)",AGRÍCOLA/AUTOMOTIVO,1295.0,146.0,0.0,90.0,85.0,10.0,131.4,0.0,1426.4
116,38373.0,180422-2,"TER RECEP 90º 7,9X1,2 (1,00-2,50MM²)",TERMINAIS AGRÍCOLAS/AUTOMOTIVOS,401.0,371.0,0.0,75.0,85.0,10.0,278.25,0.0,679.25
117,39009.0,444496-1,CONECTOR 2V SOQ BULDOG JR POWER TIMER PR,"TERMINAIS OLHAIS, TUBULARES E FORQUILHAS ENFITADOS",51.0,96.0,0.0,95.0,85.0,8.0,91.19999999999999,0.0,142.2
118,42346.0,PARAFUSO CP M4X12 AÇO INOX,PARAFUSO CABEÇA DE PANELA M4X12MM AÇO INOX,"PARAFUSOS, PORCAS E ARRUELAS",3800.0,974.0,0.0,80.0,85.0,4.0,779.2,0.0,4579.2
119,42432.0,W6P,TRAVA SECUNDÁRIA DEUSTCH VD - P/ CONECTOR DT 6V PINO,AGRÍCOLA/AUTOMOTIVO,0.0,365.0,0.0,75.0,50.0,10.0,273.75,0.0,273.75
120,44145.0,WM-12S,TRAVA SECUNDÁRIA DEUSTCH LR - P/ CONECTOR DTM 12V SOQ,AGRÍCOLA/AUTOMOTIVO,442.0,419.0,0.0,85.0,85.0,14.0,356.15,0.0,798.15
121,44400.0,4250000873,"TER SOQ CINCH SHS LT SN (0,8 - 1,5MM²)",TERMINAIS AGRÍCOLAS/AUTOMOTIVOS,0.0,5461.0,0.0,70.0,50.0,16.0,3822.7,0.0,3822.7
122,44401.0,5810000011,SELO TAMPÃO CINCH SHS  NATURAL,SELOS,5291.0,2862.0,0.0,70.0,50.0,20.0,2003.3999999999999,0.0,7294.4
123,44402.0,5810130028,CONECTOR SOQ 30V SHS CINCH PR - CAVIDADES DE L Á Y,AGRÍCOLA/AUTOMOTIVO,102.0,66.0,0.0,98.0,50.0,20.0,64.67999999999999,0.0,166.68
124,44403.0,5810130029,CONECTOR SOQ 30V SHS CINCH PR - CAVIDADES DE A ATÉ K,AGRÍCOLA/AUTOMOTIVO,65.0,63.0,0.0,90.0,85.0,22.0,56.7,0.0,121.7
125,44404.0,12010295 (15324976),"SELO DE VEDAÇÃO METRI-PACK 150 BR (1,0-1,5MM²)",SELOS,0.0,311.0,0.0,65.0,85.0,6.0,202.15,0.0,202.15
126,44410.0,DRC12-40PA,CONECTOR PINO 40V SIZE 16 DRC FLANGEADO PR (TIPO A),AGRÍCOLA/AUTOMOTIVO,13.0,25.0,0.0,98.0,85.0,14.0,24.5,0.0,37.5
127,44425.0,1-1904020-5,RELÉ AUTOMOTIVO  12VDC 30-50A FORM C - (V23234A0001X038-EV-144),AGRÍCOLA/AUTOMOTIVO,39.0,43.0,0.0,95.0,50.0,14.0,40.85,0.0,79.85
128,44709.0,DRC40-BT,BOOT TRASEIRO 180º P/ CONECTOR DRC 40V PR,AGRÍCOLA/AUTOMOTIVO,276.0,51.0,0.0,98.0,85.0,14.0,49.98,0.0,325.98
129,44717.0,174358-7,TRAVA P/ CONECTOR ECONOSEAL 3V SOQ AM,CONECTORES SELADOS,2336.0,701.0,0.0,75.0,50.0,12.0,525.75,0.0,2861.75
130,44720.0,880697-1,"TER SOQ ECONOSEAL LT SN (0,5-1,00MM²)",TERMINAIS AGRÍCOLAS/AUTOMOTIVOS,0.0,5007.0,0.0,75.0,85.0,6.0,3755.25,0.0,3755.25
131,44722.0,881775-1,CONECTOR SOQ 3V ECONOSEAL C/ TRAVA PR,AGRÍCOLA/AUTOMOTIVO,782.0,266.0,0.0,95.0,85.0,10.0,252.7,0.0,1034.7
132,44727.0,12020830,CONECTOR PINO 4V WEATHER PACK 280 PR,AGRÍCOLA/AUTOMOTIVO,0.0,31.0,0.0,90.0,85.0,12.0,27.900000000000002,0.0,27.900000000000002
133,44728.0,12124581,"TER SOQ WEATHER PACK 280 LT SN (2,50-3,00MM²)",TERMINAIS AGRÍCOLAS/AUTOMOTIVOS,2200.0,3768.0,0.0,75.0,85.0,17.0,2826.0,0.0,5026.0
134,44729.0,2411-001-2405,PORCA DE FIXAÇÃO PAINEL SERIE HDP PR,AGRÍCOLA/AUTOMOTIVO,302.0,58.0,0.0,75.0,85.0,12.0,43.5,0.0,345.5
135,44731.0,0460-204-0490,"TER PINO DEUSTCH SIZE 4 NICKEL RADIAL ""GRANEL"" (13,30MM²)",TERMINAIS AGRÍCOLAS/AUTOMOTIVOS,847.0,60.0,0.0,85.0,85.0,12.0,51.0,0.0,898.0
136,44732.0,0460-204-08141,"TER PINO DEUSTCH SIZE 8 NICKEL RADIAL ""GRANEL"" (5,26-8,36MM²)",TERMINAIS AGRÍCOLAS/AUTOMOTIVOS,0.0,261.0,0.0,80.0,85.0,10.0,208.8,0.0,208.8
137,44738.0,DRC12-40PB,CONECTOR PINO 40V SIZE 16 DRC FLANGEADO PR (TIPO B),AGRÍCOLA/AUTOMOTIVO,50.0,43.0,0.0,98.0,85.0,10.0,42.14,0.0,92.14
138,44739.0,DRC16-40S,CONECTOR SOQ 40V SIZE 16 DRC PR (TIPO A),AGRÍCOLA/AUTOMOTIVO,132.0,70.0,0.0,98.0,85.0,14.0,68.6,0.0,200.6
139,44740.0,DRC18-40SB,CONECTOR SOQ 40V SIZE 16 DRC PR (TIPO B),AGRÍCOLA/AUTOMOTIVO,9.0,42.0,0.0,98.0,85.0,10.0,41.16,0.0,50.16
140,44770.0,444314-1,BASE P/ RELÊ 9V (EXTERNO),AGRÍCOLA/AUTOMOTIVO,442.0,103.0,0.0,95.0,85.0,6.0,97.85,0.0,539.85
141,44774.0,66598-1,"TER SOQ CPC LT SN (0,5-1,5MM)",TERMINAIS AGRÍCOLAS/AUTOMOTIVOS,60000.0,4465.0,0.0,75.0,85.0,14.0,3348.75,0.0,63348.75
142,44779.0,HDP24-24-9PE,CONECTOR PINO CIRCULAR 9V SIZE 4/8/12 HDP20 PR,AGRÍCOLA/AUTOMOTIVO,32.0,25.0,0.0,98.0,85.0,14.0,24.5,0.0,56.5
143,44780.0,C.FLEX 16MM PT 300V,C.FLEX 16MM PT 105°C 300V DIN,CABOS SINGELOS,0.0,49.243999999999986,75.99000000000005,85.0,85.0,4.0,41.857399999999984,64.59150000000004,106.44890000000002
144,44921.0,776273-1,CONECTOR SOQ 14V AMPSEAL PR,AGRÍCOLA/AUTOMOTIVO,132.0,125.0,0.0,98.0,85.0,12.0,122.5,0.0,254.5
145,44922.0,770520-1,"TER SOQ AMPSEAL LT SN (0,50 - 1,5MM²)",TERMINAIS AGRÍCOLAS/AUTOMOTIVOS,0.0,6514.0,0.0,70.0,85.0,10.0,4559.799999999999,0.0,4559.799999999999
146,44923.0,770678-1,SELO TAMPÃO AMPSEAL NATURAL,SELOS,1303.0,1817.0,0.0,65.0,85.0,18.0,1181.05,0.0,2484.05
147,44924.0,17003003,"CABO 4X0,50MM² (20AWG) INJETADO CONECTOR DB9V MACHO COM CAPA - PRETO",CABOS INJETADOS,393.0,60.0,0.0,95.0,85.0,5.0,57.0,0.0,450.0
148,44984.0,KIT ETIQUETA 1239386,KIT ETIQUETAS TESA GRAVADAS A LASER PARA APLICAÇÃO EM CHICOTE JACTO 1239386,ETIQUETAS EXTERNAS,15.0,29.0,0.0,75.0,50.0,4.0,21.75,0.0,36.75
149,44989.0,HDP24-24-31PE,CONECTOR PINO CIRCULAR 31V SIZE 16 HDP20 PR,AGRÍCOLA/AUTOMOTIVO,53.0,27.0,0.0,98.0,85.0,14.0,26.46,0.0,79.46000000000001
150,45070.0,HD10-9-1939PE,CONECTOR SOQ 9V SIZE 16 J1939 HD FLANGEADO PR,AGRÍCOLA/AUTOMOTIVO,75.0,34.0,0.0,95.0,85.0,14.0,32.3,0.0,107.3
151,45071.0,HDC9-JDL082397,COVER HD10 9 WY RC RUBBER LYD BLK,AGRÍCOLA/AUTOMOTIVO,62.0,33.0,0.0,95.0,85.0,14.0,31.349999999999998,0.0,93.35
152,45078.0,4250000872,"TER SOQ CINCH SHS LT SN (0,5 - 1,0MM²)",TERMINAIS AGRÍCOLAS/AUTOMOTIVOS,5000.0,4534.0,0.0,70.0,85.0,16.0,3173.7999999999997,0.0,8173.799999999999
153,45086.0,HDP24-24-21PE,CONECTOR PINO CIRCULAR 21V SIZE 12/16 HDP20 PR,AGRÍCOLA/AUTOMOTIVO,35.0,25.0,0.0,98.0,85.0,14.0,24.5,0.0,59.5
154,45169.0,KIT ETIQUETA 1239392,KIT ETIQUETAS TESA GRAVADAS A LASER PARA APLICAÇÃO EM CHICOTE JACTO 1239392,ETIQUETAS EXTERNAS,0.0,23.0,0.0,75.0,50.0,4.0,17.25,0.0,17.25
155,45180.0,PPC-A1S-10 CC,CONDUITE 10MM - PPC ANTI-CHAMAS COM CORTE (100110-100),CONDUITES DE NYLON E P.A,200.0,742.9599999999914,110.96099999999845,60.0,85.0,4.0,445.77599999999484,94.31684999999868,740.0928499999935
156,45182.0,PPC-A1S-13 CC,CONDUITE 13MM - PPC ANTI-CHAMAS COM CORTE (100113-100),CONDUITES DE NYLON E P.A,0.0,340.627,438.61199999999815,70.0,85.0,4.0,238.4389,372.8201999999984,611.2590999999984
157,45184.0,PPC-A1S-16 CC,CONDUITE 16MM - PPC ANTI-CHAMAS COM CORTE (100116-100),CONDUITES DE NYLON E P.A,400.0,173.7980000000016,0.5990000000012792,70.0,85.0,4.0,121.6586000000011,0.5091500000010872,522.1677500000022
158,45185.0,PPC-A1S-23 CC,CONDUITE 23MM - PPC ANTI-CHAMAS COM CORTE (100123-100),CONDUITES DE NYLON E P.A,100.0,194.01100000000028,62.0390000000014,70.0,85.0,4.0,135.80770000000018,52.73315000000119,288.54085000000134
159,45186.0,PPC-A1S-25 CC,CONDUITE 25MM - PPC ANTI-CHAMAS COM CORTE (100125-100),CONDUITES DE NYLON E P.A,200.0,211.24000000000052,52.120000000000076,65.0,85.0,4.0,137.30600000000035,44.30200000000006,381.60800000000046
160,45187.0,PPC-A1S-31 CC,CONDUITE 31MM - PPC ANTI-CHAMAS COM CORTE (100131-50),CONDUITES DE NYLON E P.A,0.0,134.9789999999992,19.24099999999989,65.0,85.0,4.0,87.73634999999948,16.354849999999907,104.09119999999939
161,45190.0,"PPC-A1S-7,5 CC","CONDUITE 7,5MM (200107-200) PPC ANTI-CHAMAS COM CORTE (100107-200)",CONDUITES DE NYLON E P.A,0.0,977.2980000000058,237.6789999999998,70.0,85.0,4.0,684.108600000004,202.02714999999984,886.1357500000038
162,45946.0,"PPC-A1S-4,5 CC","CONDUITE 4,5MM PPC ANTI-CHAMAS COM CORTE (100104-200)",CONDUITES DE NYLON E P.A,100.0,1127.299999999964,377.0660000000197,85.0,85.0,4.0,958.2049999999693,320.5061000000167,1378.7110999999861
163,46576.0,HDP26-18-8SE,CONECTOR SOQ CIRCULAR 8V SIZE 12 HDP20 PR,CONECTORES DIVERSOS,89.0,21.0,0.0,98.0,85.0,14.0,20.58,0.0,109.58
164,46580.0,WP-4P,TRAVA SECUNDÁRIA DEUSTCH VD - P/ CONECTOR DT 4V PINO,AGRÍCOLA/AUTOMOTIVO,118.0,296.0,0.0,75.0,85.0,12.0,222.0,0.0,340.0
165,46583.0,"COND C.F 4,00 VD 300V",CABO AUTO ER -40+105ºC DIN72551-6 300V COBRE,"CABOS SINGELOS (2,5MM2 A 95MM2)",0.0,142.06200000000052,366.028,45.0,85.0,4.0,63.927900000000236,311.1238,375.05170000000027
166,46648.0,DTP4S-BT,BOOT TRASEIRO 180º P/ CONECTOR DTP 4V CZ,AGRÍCOLA/AUTOMOTIVO,0.0,1.0,0.0,95.0,85.0,16.0,0.95,0.0,0.95
167,46704.0,DTM06-4S,CONECTOR SOQ 4V SIZE 20 DTM CZ,AGRÍCOLA/AUTOMOTIVO,0.0,230.0,0.0,90.0,85.0,14.0,207.0,0.0,207.0
168,46705.0,WM-4S,TRAVA SECUNDÁRIA DEUSTCH LR - P/ CONECTOR DTM 4V SOQ,AGRÍCOLA/AUTOMOTIVO,128.0,142.0,0.0,95.0,85.0,14.0,134.9,0.0,262.9
169,47404.0,PPC-A1S-19 CC,CONDUITE 19MM - PPC ANTI-CHAMAS COM CORTE,CONDUITES DE NYLON E P.A,0.0,225.42500000000086,58.77500000000073,75.0,85.0,4.0,169.06875000000065,49.95875000000062,219.02750000000128
170,47903.0,LW-4203TF12R,TERMINAL MINIFIT FEMEA 16AWG,TERMINAIS AGRÍCOLAS/AUTOMOTIVOS,0.0,6880.0,0.0,65.0,85.0,12.0,4472.0,0.0,4472.0
171,49487.0,W8S-P012,TRAVA SECUNDÁRIA 8V VERDE,AGRÍCOLA/AUTOMOTIVO,0.0,7.0,0.0,95.0,50.0,14.0,6.6499999999999995,0.0,6.6499999999999995
172,49498.0,207445-3,CAPA PARA CONECTOR CPC SHELL 17,CONECTORES DIVERSOS,640.0,170.0,0.0,95.0,85.0,14.0,161.5,0.0,801.5
173,50057.0,LOCTITE 277,TRAVA ROSCA QUIMICA LOCTITE 277 (PREÇO EM GRAMA - EMBALAGEM COM 250G),USO CONSUMO,250.0,112.97000000000577,0.0,20.0,50.0,6.0,22.594000000001156,0.0,272.59400000000113
174,50059.0,LOCTITE 406,ADESIVO INSTANTÂNEO - 20G,USO CONSUMO,9.0,6.30000000000003,0.0,20.0,50.0,3.0,1.260000000000006,0.0,10.260000000000005
175,50069.0,"COND C.PP 16X1,00MM2","CABO PP 16X1,00 C/ IDENT. DAS VIAS A CADA 10MM (500V 70ºC) NBR 7289",CABOS DE CONTROLE E PP'S,880.0,213.08000000000015,436.44499999999994,90.0,95.0,5.0,191.77200000000013,414.62274999999994,1486.3947500000002
176,50074.0,058156-F,"ADAPTADOR PARA CONECTOR CPC 15/16"" 16V",CONECTORES E CAPAS CIRCULARES,471.0,305.0,0.0,98.0,85.0,5.0,298.9,0.0,769.9
177,50077.0,187187,SUPORTE TOMADA 16V,CONECTORES TOMADA MULTIPOLARES,462.0,77.0,0.0,90.0,85.0,8.0,69.3,0.0,531.3
178,50079.0,082354,CAPA PROTETORA CPC 16V,CONECTORES E CAPAS CIRCULARES,645.0,101.0,0.0,90.0,85.0,5.0,90.9,0.0,735.9
179,50104.0,PARAFUSO M6X16,PARAFUSO CAB SEXT. M6X16 ZINCADO BR,USO CONSUMO,2175.0,147.0,0.0,65.0,85.0,4.0,95.55,0.0,2270.55
180,50127.0,206037-1,CONECTOR SOQ CPC 16V SIZE 17-16,CONECTORES E CAPAS CIRCULARES,474.0,123.0,0.0,95.0,85.0,14.0,116.85,0.0,590.85
181,50128.0,206036-1,CONECTOR PINO CPC 16V SIZE 17-16,CONECTORES E CAPAS CIRCULARES,195.0,413.0,0.0,95.0,85.0,14.0,392.34999999999997,0.0,587.3499999999999
182,51169.0,KIT ETIQUETA 1218201,KIT ETIQUETAS TESA GRAVADAS A LASER PARA APLICAÇÃO EM CHICOTE JACTO 1218201,ETIQUETAS EXTERNAS,5.0,18.0,0.0,75.0,50.0,4.0,13.5,0.0,18.5
183,52103.0,"O'RING 15/16"" X 1/16""","O'RING DE VEDAÇÃO. Ø INTERNO: 24,30MM - ESPESSURA: 2,44MM",MATERIAIS DE TERCEIROS,1547.0,460.0,0.0,80.0,85.0,6.0,368.0,0.0,1915.0
184,53307.0,DTP04-4P,CONECTOR PINO 4V SIZE 12 DTP,AGRÍCOLA/AUTOMOTIVO,435.0,37.0,0.0,95.0,85.0,14.0,35.15,0.0,470.15
185,54910.0,66597-8,"TER PINO CPC LT SN  (0,5-1,5MM²)",TERMINAIS AGRÍCOLAS/AUTOMOTIVOS,28000.0,6776.0,0.0,75.0,50.0,18.0,5082.0,0.0,33082.0
186,55966.0,53015050,PRENSA CABO PG21 - LAPPKABEL CZ,CONECTORES PRENSA-CABOS,3020.0,592.0,0.0,85.0,90.0,12.0,503.2,0.0,3523.2
187,56858.0,W3S-1939-P012,TRAVA SECUNDÁRIA 3V AZUL,AGRÍCOLA/AUTOMOTIVO,73.0,17.0,0.0,95.0,50.0,14.0,16.15,0.0,89.15
188,63695.0,12186568,CONECTOR SOQ 4 VIAS METRI PACK 150,AGRÍCOLA/AUTOMOTIVO,8.0,4.0,0.0,90.0,50.0,4.0,3.6,0.0,11.6
189,63696.0,12065172,CONECTOR SOQ 1V METRI-PACK 280 SELADO PR,AGRÍCOLA/AUTOMOTIVO,0.0,90.0,0.0,90.0,50.0,20.0,81.0,0.0,81.0
190,64863.0,DT06-6S-CE13,CONECTOR SOQ 6V SIZE 16 DT CZ,AGRÍCOLA/AUTOMOTIVO,35.0,165.0,0.0,95.0,50.0,14.0,156.75,0.0,191.75
191,64868.0,DT04-3P-P006,CONECTOR PINO 3V SIZE 16 CZ,AGRÍCOLA/AUTOMOTIVO,43.0,32.0,0.0,95.0,50.0,14.0,30.4,0.0,73.4
192,69449.0,DT06-3S-CE13,CONECTOR SOQ 3V SIZE 16 DT PT,AGRÍCOLA/AUTOMOTIVO,242.0,211.0,0.0,95.0,50.0,14.0,200.45,0.0,442.45
193,69452.0,W3S-P012,TRAVA SECUNDÁRIA 3V VERDE,AGRÍCOLA/AUTOMOTIVO,111.0,345.0,0.0,95.0,50.0,14.0,327.75,0.0,438.75
194,69455.0,DT06-2S-CE13,"CONECTOR SOQ 2V, SIZE 16, PRETO",AGRÍCOLA/AUTOMOTIVO,568.0,226.0,0.0,95.0,50.0,14.0,214.7,0.0,782.7
195,69456.0,DT04-6P-CE09,CONECTOR PINO 6V SIZE 16 DT PRETO,AGRÍCOLA/AUTOMOTIVO,0.0,78.0,0.0,95.0,50.0,14.0,74.1,0.0,74.1
196,72218.0,DT06-4S-CE13 (2819647-1),CONECTOR SOQ 4V SIZE 16 DT - PRETO - TE PN 2819647-1,AGRÍCOLA/AUTOMOTIVO,15.0,231.0,0.0,95.0,50.0,14.0,219.45,0.0,234.45
197,72230.0,DT04-12PA-CE04,CONECTOR PINO 12V DT,AGRÍCOLA/AUTOMOTIVO,1248.0,148.0,0.0,95.0,50.0,14.0,140.6,0.0,1388.6
198,72233.0,DT06-08SA-CE13,CONECTOR SOQ 8V SIZE 16 DT CZ,AGRÍCOLA/AUTOMOTIVO,349.0,136.0,0.0,98.0,50.0,14.0,133.28,0.0,482.28
199,72469.0,DT04-08PA-CE09,"CONECTOR PINO 8V, SIZE 16, PRETO",AGRÍCOLA/AUTOMOTIVO,63.0,104.0,0.0,95.0,50.0,14.0,98.8,0.0,161.8
200,72473.0,DT06-12SA-CE13,CONECTOR SOQ 12V SIZE 16 DT CZ,AGRÍCOLA/AUTOMOTIVO,288.0,160.0,0.0,95.0,50.0,14.0,152.0,0.0,440.0
201,76860.0,KIT ETIQUETA 1255545,KIT ETIQUETAS TESA GRAVADAS A LASER PARA APLICAÇÃO EM CHICOTE JACTO 1255545,ETIQUETAS EXTERNAS,29.0,4.0,0.0,75.0,50.0,4.0,3.0,0.0,32.0
202,76861.0,KIT ETIQUETA 1255544,KIT ETIQUETAS TESA GRAVADAS A LASER PARA APLICAÇÃO EM CHICOTE JACTO 1255544,ETIQUETAS EXTERNAS,0.0,37.0,0.0,75.0,50.0,4.0,27.75,0.0,27.75
203,81182.0,KIT ETIQUETA 1251652,KIT ETIQUETAS TESA GRAVADAS A LASER PARA APLICAÇÃO EM CHICOTE JACTO 1251652,ETIQUETAS EXTERNAS,13.0,5.0,0.0,75.0,50.0,4.0,3.75,0.0,16.75
204,85820.0,51025 - FITA SF TECIDO TESA,FITA SF TECIDO TESA 51025 - 19MMX25M - MARCA TESA,FITAS,4800.0,17806.799999999977,0.0,20.0,50.0,6.0,3561.3599999999956,0.0,8361.359999999995
